,name,id,top_kpop,genre,followers
0,Anne-Marie,1zNqDE7qDGCsyzJwohVaoX,0,"['dance pop', 'pop', 'pop dance', 'post-teen pop', 'tropical house', 'uk pop']",10694051
1, MINNIE,2pHkxVNynHBwQHhGaoBIXX,0,[],64820
2, (G)I-DLE,2AfmfGFbe0A0WsTYm0SDTx,1,"['k-pop', 'k-pop girl group']",5350390
7, Steve Aoki,77AiFEVeAVj2ORpC85QVJs,0,"['dance pop', 'edm', 'electro house', 'pop dance', 'pop rap', 'tropical house']",3734938
14, R3HAB,6cEuCEZu7PAE9ZSzLLc2oQ,0,"['dance pop', 'dutch house', 'edm', 'electro house', 'pop', 'pop dance', 'progressive electro house', 'slap house', 'tropical house']",2456469
21, Dimitri Vegas & Like Mike,73jBynjsVtofjRpdpRAJGk,0,"['belgian dance', 'belgian edm', 'big room', 'dance pop', 'edm', 'electro house', 'pop dance', 'progressive electro house', 'tropical house']",3333403
28,K/DA,4gOc8TsQed9eqnqJct2c5v,0,['k-pop girl group'],1889340
29, Madison Beer,2kRfqPViCqYdSGhYSM9R0Q,0,"['alt z', 'dance pop', 'pop', 'post-teen pop']",5663968
31, Lexie Liu,6fs2or0cKLEM2xohWq8SoX,0,['chinese electropop'],123248
32, Jaira Burns,0tRFWXqKBBQcu5oFVOgVzX,0,"['alt z', 'electropop', 'indie poptimism', 'pop', 'social media pop']",419271
33, Seraphine,4TqlcgMFDryY96KWcvrhTv,0,[],111041
34, League of Legends,47mIJdHORyRerp4os813jD,0,"['speedrun', 'video game music']",1580241
37, Wolftyla,7qd6KGoABHifvXKeFNe2Yb,0,['trap queen'],61447
38, Bea Miller,1o2NpYGqHiCq7FoiYdyd1x,0,"['alt z', 'dance pop', 'electropop', 'indie poptimism', 'pop', 'post-teen pop', 'talent show']",2933344
49,The Chosen,4zaS9mItqCC5OQpML2VDu2,0,[],12573
50, Siilva,1Ju0lsag81P0VNBByS6R23,0,[],1316
51, 2am,5SnaL8SsjGMHQNyqpa8Zos,1,"['k-pop', 'korean pop']",213194
56, m-flo,4UhiMIdxKqQxmzdE9nYe6O,0,"['j-pop', 'japanese r&b']",327675
63, BIGBANG,4Kxlr1PRlDKEB0ekOCyHgX,1,"['k-pop', 'k-pop boy group']",5062575
70, Manager,7o4KDqFA1r5ddafrK5hgmt,0,[],98
77, 매니저,6D0QAIqxtLK7aeiQzdvQUb,0,[],16
84,DONGHAE,5X9KszkeEZd6c9wxRhucbV,0,[],1451
85, RYEOWOOK,0fwfMuz3AmWRy2pyM5fDRo,0,"['k-pop', 'korean pop']",201925
91, Reiley,1nHcGkMVml7a44TVwfrAN8,0,[],11406
98,JEON WOONG,7HkRTmxvjlJxL3lEOSxpqN,0,[],46661
99, AB6IX,4y0wFJ5jmCUNRLZfsw1I7g,1,"['k-pop', 'k-pop boy group']",535207
105,KIM DONG HYUN,6NuAIYZptWXWUCAInxX6PU,0,[],31621
112,LEE DAE HWI,5j4ZfrjfKJhMBbDgTFxIwB,0,[],83432
119,LIM YOUNG MIN,7s72t76jrvQLHUiYraBSZ0,0,[],36425
126,PARK WOO JIN,0kS1oLtVdBidgH2aKloRKR,0,['k-pop'],129763
133, Blackpink,1Gf3SzkXoUvEbixB7LUw6v,0,[],20867
134, Tara,24JAAnBviO3vTMZ5N9taj8,0,['cook islands pop'],2631
154,Son Dam Bi,3cCbcs6r1Lma7MfEjyfCGU,0,['classic k-pop'],12914
155, After School,1loWI8jVk9btgJXHgqHXPD,1,"['k-pop', 'k-pop girl group']",334810
156, Ara,2jhwupQ3q8a1NbwfFhnszE,0,[],38
157, Dong Ho,7JlxObEsleDXA54OFIl9zj,0,[],1
158, Hye Rim,37qp8U9zJIHh4UseRqcqX2,0,[],55
159, Jung Hyun,2t6BljQxB8MLiky7GjkLYd,0,[],8
160, Minhyun,7BwZlhJRHC1oVJr8lTxSLf,0,[],54190
162, KAHI,04C0MPapc1HXpTbspJhmWg,0,[],0
163, Jung AH,1SYHnHX97OjM7hHhxlAq1T,0,[],0
168, Lee Sun Hee,4ZQVfuvon3XnGYkjTSey1O,0,"['classic korean pop', 'korean pop']",43998
175, IU,3HqSLMAZ3g3d5poNaI7GOU,1,['k-pop'],7869815
182, Zion.T,5HenzRvMtSrgtvU16XAoby,0,"['k-pop', 'k-rap', 'korean r&b']",562378
189, Beenzino,7IrDIIq3j04exsiF3Z7CPg,0,"['k-indie', 'k-rap', 'korean r&b']",209653
196, CHOI JUNG HOON of JANNABI,5Fa7oN67rqbrgxbRVux7F4,0,[],1591
203, Crush,6aLdhHUqgdKE86xbtNmY8g,0,"['k-pop', 'korean r&b']",1113382
210, Sam Kim,4BBN286rBKyCWsSPq2cxYO,0,"['chill r&b', 'k-pop', 'korean pop', 'korean r&b']",419238
217,Yang Hee Eun,0BD74hBusWzcPz44wFskYb,0,"['classic korean pop', 'korean singer-songwriter']",10594
218, AKMU,6OwKE9Ez6ALxpTaKcT5ayv,1,"['k-pop', 'korean pop']",1285689
224,Park Bom,3uHb6dRazmcaT15bMexUtt,1,[],136550
225, CHEETAH,6ftZYkensUYXNiMM7nFwhE,0,['k-rap'],40865
231, Takanori Nishikawa T.M.Revolution,0pPQ5V1o6LrB7wdt9yzUkM,0,[],626
238,Huh Gak,49vOeJAPxAz6YmVZPNM7ys,0,"['k-pop', 'korean pop']",85707
239, Apink,2uWcrwgWmZcQc3IPBs3tfU,1,"['k-pop', 'k-pop girl group']",1174098
240, VICTON,0ziR2zN0NFcB4x1G3P8cW3,0,"['k-pop', 'k-pop boy group']",865458
245,Pentatonix,26AHtbjWKiwYzsoGoUZq53,0,['a cappella'],3551508
246, ATEEZ,68KmkJeZGfwe1OUaivBa2L,1,"['k-pop', 'k-pop boy group']",2778589
252,Kim Jong Kook,60YNqzrSj7rJkuqHkpHPqG,0,['korean pop'],104472
259, SEAN OH,7lCMxLzay3subrSfwEcZxc,0,[],86
266, SPACECOWBOY,58Y3mQTF2ToepXQaS0RCIV,0,[],36
273, Buddy,74zjHeFm4yooE7SuemoFan,0,['partyschlager'],5357
280,Young Jae (B.A.P),54JXhmpGDN8NdAIq44z4gt,0,[],4477
281, Zelo,7F204LAlfQltTujbEj9wvu,0,[],3006
287,JONG UP (B.A.P),0sSAFVekiDtX7PXDQvHnlK,0,[],5779
294,DAE HYUN (B.A.P),1htPJUlogkZBjbKp86uuLF,0,[],6846
301, Song Ji Eun,0D40an6y5Cv6sRzMGsRRQ8,0,['k-pop'],102362
308, OH MY GIRL,2019zR22qK2RBvCqtudBaI,1,"['k-pop', 'k-pop girl group']",1647702
309, ONF,0eEhOgZ2x6kv8kLz77WO7b,0,"['k-pop', 'k-pop boy group']",599116
322, SUNMI,6MoXcK2GyGg7FIyxPU5yW6,0,['k-pop'],2600840
329, BTOB,4pjFNcqv916MlWsAXaHAHe,0,[],9
336,YOON DU JUN,0bjyZMw6TzPhXSp2PoKXx7,0,[],9737
337, Son Dong Woon,5UzpNJd6zHGN9syxBN8fRY,0,[],13064
343,Yong Jun Hyung,4drjiBRSqZoTD67xgZCmNo,0,[],49743
344, Yang Yoseob,1fwMtpwCEJovQuyxSuHcAd,0,"['k-pop', 'korean pop']",54723
350,ABLE,0Y669kGV5Gru5RaumXTxtV,0,[],17310
351, LEEGIKWANG,3CC7p9QM4VjO62rmcaRP3z,0,[],66004
357,GD&TOP,3e3oLJehq4vQl2H0FAJnvn,0,"['k-pop', 'k-rap']",601497
358, Park Bom,3uHb6dRazmcaT15bMexUtt,1,[],136550
364,TAEYANG,6udveWUgX4vu75FF0DTrXV,0,['korean r&b'],974377
365, G-DRAGON,30b9WulBM8sFuBo17nNq9c,0,"['k-pop', 'k-rap']",2863769
378, Selena Gomez,0C8ZW7ezQVs4URX5aX7Kqx,0,"['dance pop', 'pop', 'post-teen pop']",41111441
385,Lady Gaga,1HY2Jd0NmPuamShAr6KMms,0,"['art pop', 'dance pop', 'pop']",25728822
386, BLACKPINK,41MozSoPIsD1dJM0CLPjZF,1,"['k-pop', 'k-pop girl group']",38883111
392,Dua Lipa,6M2wZ9GZgrQXHCFfjv46we,0,"['dance pop', 'pop', 'uk pop']",39151455
399, CHANMINA,2vjeuQwzSP5ErC1S41gONX,0,"['j-rap', 'josei rap']",572223
406, Keita,4Sp0k5cY12SKnOGUghMljj,0,[],150
413, KEN THE 390,1tcHKxlx0TZ6MkHGO4QYv3,0,['j-rap'],40993
420, Naoko Tanaka,2CfxaAgevavjDFRRghjSVt,0,[],170
427,B-BOMB,7KC0o9xFJZXim13nVLNH4c,0,[],814
428, U-KWON,1dpFCgmBpElH7pcsfSfXqG,0,[],23941
434, Jo Hyun Ah,7aVeZFWXIC3g4b0Tn68ZtI,0,[],5112
441,CHO PD,5kpASLmaTCY83YeHWs23Bc,0,[],4
442, Brown Eyed Girls,2GEPtT5RDxrmdi0A4mbDi7,1,"['k-pop', 'k-pop girl group']",253570
448, MC MONG,6gEWl778wJTkq4Uk5eBvgD,0,"['k-rap', 'korean pop']",38264
455, Bobby Kim,2pIicUMaKL2mgq8qrZ5K53,0,[],178
462, Jo PD,5vQNUEPwDQboBgAHhX6EZn,0,[],2
469, Lee Jae Hoon,3TiQECvFFvnqd5hs6viUsK,0,[],48
476, 조PD,0XJH7kCmbiKeYfAFSHpYuN,0,[],25
490, MC 몽,0St0PvgohErtWfC6qnJHpN,0,[],0
497,LEE MINHYUK (HUTA),4fgfmrBHIWsUuHxeOPhv61,0,"['k-pop', 'korean pop']",77830
498, PENIEL,21EUYgHJLDUeG72eDEmTx4,0,[],32679
499, JUNG ILHOON,7McwKT2tZl8LMXUQRH3YDM,0,['k-rap'],47636
504,SEO EUNKWANG,6Uug3azJYNwnLkO82CTTY2,0,['korean pop'],40901
505, LEE CHANGSUB,1rp5HzWaNwgauM5W5YmZ3U,0,['korean talent show'],45598
506, Lim Hyunsik,0SA2I3s4t7hmv1XVvky9Po,0,['korean singer-songwriter'],45171
507, YOOK SUNGJAE,7mFGOWJEkdlJBCXcJ5EWi9,0,"['korean pop', 'korean r&b']",63759
511,LEE MINHYUK (BTOB),6KIjwPp994JQ2LJ8IBvZPc,0,[],525
514, G.NA,3hzcooxMtbApMTvvn6XKVA,0,['k-pop'],170976
521, YOOK SUNGJAE (BTOB),2KbOz7b91wiUpnv34Twd9f,0,[],106
532, Joo,5DKI4lr414kDPDuIU2BDR7,0,[],368
540, BTOB,2hcsKca6hCfFMwwdbFvenJ,1,"['k-pop', 'k-pop boy group']",1452497
555, Ha Yeon Su,5mKdz6Mcx2sor5hY9A8Rg4,0,[],18
560, YOO SUNGEUN,7M5YdBeK8dsO39SHHvOYy8,0,[],34
567,Jung Kook,6HaGTQPmzraVmaVxvz6EUc,0,['k-pop'],6673223
568, BTS,3Nrfpe0tUJi4K4DXYWgMUX,1,"['k-pop', 'k-pop boy group']",62841084
569, FIFA Sound,5C01hDqpEmrmDfUhX9YWsH,0,[],168270
574,benny blanco,5CiGnKThu5ctn9pBxv7DGa,0,"['dance pop', 'edm', 'electropop', 'pop', 'pop rap']",1036118
576, Snoop Dogg,7hJcb9fa4alzcOq3EaNPoG,0,"['g funk', 'gangster rap', 'hip hop', 'pop rap', 'rap', 'west coast rap']",9448284
581,Charlie Puth,6VuMaDnrHyPL1p4EHjYLi7,0,"['dance pop', 'pop', 'viral pop']",19785448
582, Jung Kook,6HaGTQPmzraVmaVxvz6EUc,0,['k-pop'],6673223
588,Coldplay,4gzpq5DPGxSnKTe4SA8HAU,0,"['permanent wave', 'pop']",42843007
590, David Guetta,1Cs0zKBU1kc0i8ypK3B9ai,0,"['big room', 'dance pop', 'edm', 'pop', 'pop dance']",25735035
597, Galantis,4sTQVOfp9vEMCemLw50sbu,0,"['dance pop', 'edm', 'electro house', 'pop', 'pop dance', 'tropical house']",3336964
604, SUGA,0ebNdVaOfp6N0oZ1guIxM8,0,['k-pop'],2203363
609, Megan Thee Stallion,181bsRPaVXVlUKXrxwZfHK,0,"['dance pop', 'houston rap', 'pop', 'rap', 'trap queen']",7576460
616,Jawsh 685,56mfhUDKa1vec6rSLZV5Eg,0,['nz pop'],109814
617, Jason Derulo,07YZf4WDAMNwqr4jfgOZ8y,0,"['dance pop', 'edm', 'pop', 'pop rap', 'post-teen pop']",11772339
623,Halsey,26VFTg2z8YR0cCuwLzESi2,0,"['dance pop', 'electropop', 'etherpop', 'indie poptimism', 'pop']",19772768
630, Lauv,5JZ7CnR6gTvEMKX4g70Amv,0,['pop'],5646661
631, Frants,7qxLQ0CByGfbd3HdL7ilR8,0,[],599
644,Lil Nas X,7jVv8c5Fj3E9VhNjxT4snq,0,"['lgbtq+ hip hop', 'pop']",12354099
645, RM,2auC28zjQyVTsiZKNgPRGs,0,['k-rap'],13049229
651, Juice WRLD,4MCBfE4596Uoi2O4DtmEMz,0,"['chicago rap', 'melodic rap']",28365926
658, Zara Larsson,1Xylc3o4UrD53lo9CvFvVg,0,"['dance pop', 'edm', 'pop', 'pop dance', 'post-teen pop', 'scandipop', 'swedish electropop', 'swedish pop', 'tropical house']",10379332
665, Charli XCX,25uiPmTg16RbhZWAqwLBy5,0,"['art pop', 'candy pop', 'dance pop', 'electropop', 'metropopolis', 'pop', 'post-teen pop', 'uk pop']",2813784
672, PDOGG,5twg8ZDFT6UZeGqpEJTHfr,0,[],1020
686, Desiigner,7pFeBzX627ff0VnN6bxPR4,0,"['pop rap', 'rap', 'trap', 'underground hip hop', 'viral rap', 'viral trap']",3459416
693, 365LIT,65LSFEqRhq074aUBF1zF2e,0,"['korean trap', 'korean underground rap']",5101
694, ZENE THE ZILLA,1MMbv4LTpwbh2APtXuwaZN,0,"['k-rap', 'korean hyperpop', 'korean trap', 'korean underground rap']",27830
695, ChaMane,2jyURAEr7r2UfWMpFQDOQd,0,['k-rap'],1370
696, Paul Blanco,2fiGm496AG7ePURQiSSJIw,0,['k-rap'],45523
697, Damndef,4jFOzswJGUdE6LFx1ZbOjS,0,[],365
698, Keem Hyo-Eun,59KuGY6nfY3w39O0qYVA7p,0,['k-rap'],23986
699, northfacegawd,620Vx5hEMowoa71wXk4bu1,0,['korean underground rap'],5943
707,Paul Blanco,2fiGm496AG7ePURQiSSJIw,0,['k-rap'],45523
708, Uneducated Kid,08KbKkPqaYNFYM9R5eMjuM,0,['k-rap'],30745
715, Hwanhee,4ezpY3tmP9KtaOOnWpDmIp,0,"['korean ost', 'korean pop']",24627
742, ASH ISLAND,7IEhlwWQA7pCkEvzwwHehE,0,['k-rap'],231479
743, Junggigo,6zTIxEXFWjoNu2VXauDITb,0,"['k-rap', 'korean pop', 'korean r&b']",98959
749,Stormzy,2SrSdSvpminqmStGELCSNd,0,"['grime', 'uk hip hop']",2724430
750, CHANGMO,3hvinNZRzTLoREmqFiKr1b,1,"['k-rap', 'korean r&b']",288926
751, Burna Boy,3wcj11K77LjEY1PkEazffa,0,"['afro dancehall', 'dancehall', 'nigerian hip hop', 'nigerian pop']",5041557
756,YUMDDA,0su5mZ6qhvOUhz7ckEx8rR,0,['k-rap'],48237
765, Zoorumpug,4hYxfPWn0RnlwJS2faYvjB,0,['korean city pop'],638
777,SUPERBEE,0Q5XzDpn7DCI5jlubok4xb,0,['k-rap'],83473
798, SUPERBEE,0Q5XzDpn7DCI5jlubok4xb,0,['k-rap'],83473
812, The Quiett,2qI1pO64eYqGUiv1XTw4cy,0,"['k-rap', 'korean r&b', 'korean trap']",105969
813, Dok2,0rW6fVd3yuW2CF2sLYWQtE,0,"['k-rap', 'korean old school hip hop']",120093
827, Hash Swan,3yVEZNS0ateVfoj8FuazKg,0,['k-rap'],93940
833, Sik-K,5DIi2JWfQPTKffaVBlIYRn,0,"['k-rap', 'korean r&b']",425462
840,HYOLYN,78sJswwVn4P8aEhkF4K6fQ,0,"['k-pop', 'korean r&b']",753920
861, myunDo,7wqsGqGaU61FzNh62mbWXz,0,['k-rap'],8199
868, Don Mills,6bIsFWNkjQvSm5P4rqlxKn,0,['k-rap'],13540
875, Robin,0vOvj6PPR7vcw2oMCHjW9Z,0,[],2
882,Kim Jang Hoon,1dXv5kexTtGYeykDWAnTCg,0,[],205
883, Crayon Pop,0ODX6aegsZkBmBeMA5qqwi,1,"['k-pop', 'k-pop girl group']",153357
889, 정일훈,61EYHe0PuimYflGWAJaptk,0,[],0
896, Bigtone,2UewyNNIcmy697ZLp6us78,0,[],6
903, KOONTA,5T8LKv9A1vEnwMCO4dMo3c,0,['k-rap'],10547
910,Gaeko,0tkHE1pQ5ZCgQb8WZ0ba79,0,"['k-rap', 'korean r&b']",119861
911, DAVICHI,4z6yrDz5GfKXkeQZjOaZdq,1,"['k-pop', 'korean pop']",715064
917,Cao Lu,2onoO0N62qYqnHJjTi0g0k,0,[],251
918, Linzy,6m9EewCnInHNApDOMhlwxM,0,[],27
919, YEZI,6LPOT9C3gvGQHxlZtMLHHg,0,['k-pop'],131292
924, Jay Park,4XDi67ZENZcbfKnvMnTYsI,0,"['k-pop', 'k-rap', 'korean r&b', 'pop']",1912752
931, Mad Clown,0dX6tgZKWpamoFHFuXFhwd,0,['k-rap'],118742
938,T-ARA,1R52cwGf75yTf7I3Q0Irf8,1,"['k-pop', 'k-pop girl group']",777712
940, Skull,1HfJjGC8yehGygj5MDj4P0,0,[],188
945, Verbal Jint,24sQuJhQ85ZygDG7sUVUxR,0,"['k-indie', 'k-rap', 'korean old school hip hop']",70966
952,yangpa,5Qr33OZrOzmTJwxpUVZI7m,0,[],86
954, Hanna,3PD0VSypOTIzOWHW1FmVba,0,[],7
959, T-ARA,1R52cwGf75yTf7I3Q0Irf8,1,"['k-pop', 'k-pop girl group']",777712
973,SeeYa,3Mbxr8TL0Sny7dUNicKWm2,0,[],4151
980, 백찬,3b84FwOBHtfdyimyNJ1i59,0,[],6
1008, Lee JinE,3JwZljJCipGfpbftNdQaeX,0,[],42
1015, J-Cera,3MhLDkENRwJOmFU5MSeLjZ,0,[],2435
1016, IRIN,1vttSluVztvILtXVXVeqtu,0,[],2
1017, Yunmi,5cMhtkjEpkxbB3anjR027M,0,[],9
1022, Zick Jasper,3xtHMz3z0Km6qXV3yhcfQP,0,[],389
1029, Black Belt,0jiiP0IU9wLNybrIucmB6T,0,[],232
1036, Eb,2eUiUWPlCfSEuRuPTVeRf5,0,[],4
1043, 이로울,2vArxtLc9TRXTiwfKNX2RK,0,[],2
1044, 아이린,1KI2jxgNu5JCizqylCSFj5,0,[],5
1064, PINKMOON,55xtxQ2rygRTBGJTYFLweP,0,[],594
1071,Lee Pil Ho,1uEtbyROUf6Za2kJKzm4DZ,0,[],10
1072, PARK JONG MI,5wimNWpsT10n1YQcgkgCUK,0,[],4
1085, hyeon seo park,3ikV9ZwFZz1DDiTc6xbMAW,0,[],374
1092, 한겨울,1WLp3CeL7X1Ic7DTu67CCP,0,[],0
1099, Yuna,0kBGpEdFPbsrVkFgUQ1RQv,0,['korean ost'],6768
1106, Kim Na Young,4dvmLXorXADxVq8EcySEWk,1,"['k-pop', 'korean pop']",182185
1113, David Kim,6fqoFU6NahjZYW1m5HBub1,0,[],277
1127, Lil Playy,1d5znoU7LGiCy3H8TMtLWg,0,[],1584
1134, Suzi,3ImHydeN8Sciy5cLgeDtOR,0,[],300
1141, ONEW,7sZ5ipSoboWdqXkdj6AXHo,0,['k-pop'],413424
1142, Jessica,7jPVuaaHLs4QVSuN561jZt,0,['k-pop'],382914
1148, HYOLYN,78sJswwVn4P8aEhkF4K6fQ,0,"['k-pop', 'korean r&b']",753920
1155, Kang Seungwon,48DsjCcpYJQWi5fulzyuBm,0,['korean pop'],1030
1162, Wonstein,5o615XColiSVMPDWlslKSk,0,[],103232
1163, Sojeong,3tguePgWKGvSKBrRZYs5lP,0,['korean pop'],7672
1164, Rothy,0jUn8CXobOt0IixyR72una,0,"['k-pop', 'korean pop']",185346
1165, Sion,2dEBKqLtvdFTnPcwpWEw0r,0,[],38784
1166, J.UNA,7oppHhvVWHX7WeGYjEOL6y,0,[],13768
1169, KYUHYUN,0il5ZP3xYOECtONJtZ38Ln,0,"['k-pop', 'korean pop']",371143
1176, Boi B,7MJnvH71CgBGCN9obN4aY5,0,['k-rap'],8722
1183, Yoon Do Hyun,6KsmQPHXE3qhzNNBPSZ0eB,0,"['k-rock', 'korean pop', 'korean singer-songwriter']",29655
1197,JUNGKEY,6fTEkjuuZ3hH6fdeBxxbA2,0,['korean pop'],31963
1198, Gummy,0hRHbwZ0xSwfVHl4FTv7jq,1,"['k-pop', 'korean pop']",302477
1199, Sisqo,6x9QLdzo6eBZxJ1bHsDkjg,0,"['contemporary r&b', 'hip hop', 'hip pop', 'r&b', 'urban contemporary']",875718
1204,Kim eun young,49XEW1qNZPAeucXHu8zIeg,0,[],92
1211, P-Type,7ngC61jtmmjDi2vbJRG3yq,0,"['k-rap', 'korean old school hip hop']",7976
1218, Young Ji,2QbyHFJW5QoKsUYx96SiEy,0,[],38
1225, Park Yu Chun Of JYJ,6iWOraHWSUnNDVXLPEytfZ,0,[],2
1232, Loco,2e4G04F77jxVuDYo44TCSm,0,"['k-pop', 'korean r&b']",373339
1239, D-LITE,1OQxmfKN9UG5C7nr4MkasO,0,[],137233
1246, T.O.P.,4yiB30K5scGkjmAgHGIH8Y,0,[],59739
1253, Bobby Kim,5s5g2cVTox2dzQE65XOD4z,0,['korean singer-songwriter'],5780
1260, 빅톤,5O0XmPyzOOTKMWEpwpMbJU,0,[],3
1267,Kim Jin Pyo,57YbQhFBBDksLzX08lqVnw,0,['k-rap'],600
1268, HELLOVENUS,3TW9U1f93tpGBsEtCSf7JG,1,"['k-pop', 'k-pop girl group']",251485
1274,Loco,2e4G04F77jxVuDYo44TCSm,0,"['k-pop', 'korean r&b']",373339
1275, Hwa Sa,7bmYpVgQub656uNTu6qGNQ,1,"['k-pop', 'korean talent show']",3883200
1288, Park Woo Sang,4b1h7TeHuzi1lOTJswql6f,0,[],14
1295,KINDA BLUE,264XvBSD6pFn1eDvWSWMI8,0,[],4791
1302, DPR LIVE,0siBQaURCli5wn2lqv8WZg,0,['korean r&b'],913554
1316, WOOGIE,7C0lSOS41UnTbnF7bMSEWN,0,"['k-rap', 'korean r&b']",87435
1330,Bebe Rexha,64M6ah0SkkRsnPGtGiRAbb,0,"['dance pop', 'pop', 'post-teen pop']",8074188
1331, ITZY,2KC9Qb60EaY0kW4eH68vr3,1,['k-pop girl group'],5295201
1332, YEJI & RYUJIN of ITZY,4TYswX6bKUjM9rbEL7CMBH,0,[],4723
1337,Second Aunt KimDaVi,2XrCYhwuq6x15QFddD1gQv,0,['trot'],2479
1344, DallasK,7uas0F5EhsZg6KDJ7yy7rW,0,"['complextro', 'electro house', 'pop edm']",43787
1351, Imad Royal,6OgklJh1e1Z9S1Q2IQsHgy,0,[],15186
1372,Sung Si Kyung,7jFUYMpMUBDL4JQtMZ5ilc,0,"['k-pop', 'korean pop']",192791
1379, OHHYUK,68TCVp5t1Dxi2TvNuYoYK0,0,['korean pop'],53006
1393,Ulala Session,2EFJSNZzGSfLXMfAaxbK2A,0,[],3662
1400, Kim Chang-Wan,2yMDYqTvjFeBZcGC4ZMMVH,0,[],214
1407, Clon,3IvJqVgapy3AMUBmVGrvag,0,['classic k-pop'],6403
1414,HIGH4,3cpG0SJLIJ1qpQfjmlWlzo,0,['k-pop boy group'],59982
1421, FIESTAR,3IVjXrnR0npv1LY24kQSzd,0,"['k-pop', 'k-pop girl group']",150239
1428, ＦＰＭ,0TGGLJ8adXSsX0v9bNCEAa,0,[],10
1435, Pianist Kim Kwang Min,2iwYWSmPQBvAvoHtRCRT1Z,0,[],5
1442, Chundung,52KEoFZCGGap8hZHtOgENt,0,[],34
1449, Na Yun Gwon,0UCjY4RwfRkBzabQbwykhT,0,[],53
1456, MARIO,1wLXYnlqlJNSFfNlsqEsbC,0,[],44
1463,SOYOU,3b4kLCI0ZJW47TFsNRqgCb,0,"['k-pop', 'korean pop']",360726
1464, IZ*ONE,5r1tUTxVSgvBHnoDuDODPH,1,"['k-pop', 'k-pop girl group']",1737329
1465, pH-1,2u7CP5T30c8ctenzXgEV1W,0,"['k-pop', 'k-rap', 'korean r&b']",359151
1470,Ed Sheeran,6eUKZXaKkcviH0Ku9w2n3V,0,"['pop', 'uk pop']",110711330
1471, Jessi,64k5e9kV9MdukXjFrR5R37,1,['k-pop'],1654633
1477, BM,5lZV4z4dpX6IfTYlfUMvOE,0,[],38875
1478, nafla (나플라),7ckGYpVRexH6vHHrBuKJs0,0,[],0
1484, 朴宰範,2VrDFxXbEHomf7A8Q87uRA,0,[],16
1492, nafla,3Zn6C68VCosoQrxu4D2Btr,0,['k-rap'],166615
1505, CJANG MO,0hFTjU2H3Wali3BuPOLftF,0,[],0
1512, ILLSON,1o3mKG33qvuXI2s3HXTkYd,0,['k-rap'],10704
1520, Microdot,1ToWoFmtIc9NTPFy7lR690,0,['k-rap'],6372
1533, Hanhae,1CjHzclPOS2unF1vRtgurF,0,['k-rap'],25728
1534, DJ Juice,0bJKaJ5AdUz5nDFDRGfKPJ,0,[],883
1540,220 KID,4Euia7UzdRshy1DJOSMTcs,0,"['dance pop', 'house', 'pop dance', 'tropical house', 'uk dance']",20469
1541, Willim,5bp5XaFz8Py4UFEhQ6FZRk,0,[],1560
1542, KANGDANIEL,5vGoWnZO65NBgiZYBmi3iW,1,['k-pop'],841881
1554, MIYAVI,7sBtBCNVRujQhaHDODkfTN,0,['visual kei'],281428
1568, ANYUJIN (IVE),3schR1HLbYu3RqqPDiDFrE,0,[],1600
1569, YUNA KIM,5wBTXLKoAsiWsKn3ijyGPo,0,[],74
1582, Chancellor,0u06YeydlBk3awnk5KgdBx,0,['korean r&b'],36599
1596, Omega Sapien,46KQM3HJyONaKRTbcfNPlU,0,['korean underground rap'],14378
1610,inverness,17aCDXnpzF1XYVe0QrsRvs,0,['gaming edm'],11416
1611, Anthony Russo,6PFcrRZezCL5p9A0nwb7ki,0,['chill pop'],73036
1617, Simon Dominic,57W9ikVc6O2wLDtmclSjvN,0,"['k-rap', 'korean r&b']",433447
1618, JAMIE,2YXlVLKq3X3soXd2aXUtIT,0,['k-pop'],672579
1624, YUMDDA,0su5mZ6qhvOUhz7ckEx8rR,0,['k-rap'],48237
1631, Dvwn,6WWUJGBY4ETAE22tRmgJ8b,0,['chill r&b'],192284
1638,ZICO,4XpUIb8uuNlIWVKmgKZXC0,1,"['k-pop', 'k-rap', 'korean r&b']",1278300
1645,Park Gyu Ri,3eDTXcjpFF1Wxa4e7ZZICA,0,[],134
1646, HUR YOUNG JI,0FUmt6iMoB9sJpxZuWkOI5,0,[],894
1653, Han Seung Yeon,5kUgUgo1jFoAOiaiv8OP0o,0,[],2031
1659, J.seph,1LCD1ZKF5V4lWQKf5810yx,0,[],450
1660, Jeon So Min,1J3BfBC9Z9VRIpEUB64Rbw,0,[],628
1673, Park Gabin,4RchfpgrrMpxq0eQv63jqx,0,[],0
1680, Lee Sangwon,2cDX5eSW1ia5fwMbqplMbT,0,[],0
1687, 오현우,1PQQMG99o0K7BBYAwVpTqf,0,[],42
1694, HYNN,64jfAecBriamQmMs0WAKtj,0,['korean pop'],33326
1701,Onestar,6EmgTIhhXGtfAmYYTfdtlz,0,['korean pop'],25476
1702, KIM JAE HWAN,7LdZwtnhfB1GoC9SE9tvyb,1,"['k-pop', 'korean pop']",151840
1708,MC MONG,6gEWl778wJTkq4Uk5eBvgD,0,"['k-rap', 'korean pop']",38264
1710, PENOMECO,1MAUqH0haKBYbjpknTfreY,0,"['k-pop', 'k-rap', 'korean r&b']",299653
1722, PARK WOO JIN,0kS1oLtVdBidgH2aKloRKR,0,['k-pop'],129763
1729, Stella Jang,2Y9AUayH5pyZpVfkDYDfJV,0,['korean city pop'],188830
1736,M. Monnot,5raaWCPidQVOFLtpM5CCvI,0,[],2
1743,Luigi Boccherini,2l4vGfFV7e46yO8lxfxR76,0,"['classical', 'classical era', 'early music']",100546
1750,Dmitri Shostakovich,6s1pCNXcbdtQJlsnM1hRIA,0,"['classical', 'compositional ambient', 'russian modern classical']",349874
1764, Yang Da Il,5DnjOSzLCfn4hDbLECq8pt,0,"['k-pop', 'korean pop']",135912
1771, LEE MINHYUK (HUTA),4fgfmrBHIWsUuHxeOPhv61,0,"['k-pop', 'korean pop']",77830
1778, DINDIN,63cvWayCvPbWYNDi537w0z,0,['korean r&b'],30198
1785,G2,4ueZwsEtcqcO0IZywqgk66,0,['k-rap'],21790
1792,Monday Kiz,24jJXZRz3aGvjVvZ4OoerD,0,['korean pop'],109877
1799,Mad Clown,0dX6tgZKWpamoFHFuXFhwd,0,['k-rap'],118742
1806,SONG YUVIN,5bO0Iy0ozHhSelVBOttCyT,0,['korean ost'],13878
1813, Eunha Lee,2hOvcsM1Zu4d9srPgglhat,0,[],4
1820, 트리키,7fCSy7Had5Fs540ilzxV20,0,[],103
1827,신종욱,3cxWvvIqZGNyWsgmdi0wsf,0,[],7
1834,Jang Won Ki,0O8LdVYrZzNAClMUdQhyGA,0,[],15
1848, B.I,0UntV1Bw2hk3fbRrm9eMP6,0,['k-pop'],630253
1855, G.Soul,0fLesFHNsJpalRtqzSYxnd,0,[],356
1862, 최현석,7ywGEr53ogVxLibBcb82JV,0,[],887
1869, Tablo,3NdOtTPPaXrCyC7Lpmzyhv,0,"['k-pop', 'k-rap', 'korean r&b']",225261
1876, BOBBY,7ieMQQDR0bdBPz572mtxwS,0,"['k-pop', 'k-rap']",867479
1883, MINO,3ytV7vc4ZuwGgwaOuWvkk8,0,"['k-pop', 'k-rap']",1066112
1890, 인크레더블,0YhDHW8UkDzlw6ZNJtZZXk,0,[],133
1904, Lee Sang Soon,2k5qXj4B0cMlBbLJOVQMUJ,0,"['k-indie', 'korean singer-songwriter']",9537
1911, LEE CHANHYUK,4RkTSLr5Qf79FfUkeaDKbl,0,[],11030
1918,YOON GUN,15dggb3DQ4suwIfBmqb3nm,0,[],2162
1919, Lee Hyori,4FjoOJAndC0s9ZJUo6VGc5,1,"['classic k-pop', 'k-pop']",59501
1925, 이준기,0Fi1eTFqrg9XXYFPWwx2aw,0,[],266
1932, Captain Planet,4gUzVXtJJ6UWTWobd18HqJ,0,[],246
1939, Han Hyo Joo,5ycLZztc53MN3TlzAsr1Yj,0,[],88
1940, Ra.D,6zPbaYJp7itQ8p0gPLqf2S,0,['korean pop'],27878
1946, Yuna Kim,4wAssbReFLMBLkLCORabCM,0,[],702
1953, KANG MINKYUNG,15Dv0lqpiL5zD6OqqwUEP4,0,[],6293
1960, Bizniz,1VZmQVn38jR2UG7QSWNoYw,0,['k-rap'],899
1967, Golden Child,5zShiwTHlygdfsXj6eavTu,0,"['k-pop', 'k-pop boy group']",625182
1974, 혜미,76yPSQzTmeCY5fCsrMFoSw,0,[],2
1981, KCM,2cijK40RWU3ouFUnwW8v3K,0,['korean pop'],34928
1988, Aki,7m8uqplhTME9fSFztWBjNV,0,[],0
1995, Tacyeon,0Ko62GQsAMXCNCKNUTmfWz,0,[],12
2002, Newport Mix,2q4mR2JpYQJWQnr45yiFjy,0,[],2
2009,Play-N-Skillz,7MP4jhYmFEgb0AtiOkw55s,0,"['chicano rap', 'pop rap']",23755
2010, MONSTA X,4TnGh5PKbSjpYqpIdlW5nz,1,"['k-pop', 'k-pop boy group']",4902250
2011, Lil Jon,7sfl4Xt5KmfyDs2T3SVSMK,0,"['atl hip hop', 'crunk', 'dance pop', 'dirty south rap', 'old school atlanta hip hop', 'pop rap', 'southern hip hop']",1396451
2012, Bun B,45a6gCQWq61lIUDmr1tKuO,0,"['dirty south rap', 'gangster rap', 'hip hop', 'houston rap', 'pop rap', 'rap', 'southern hip hop', 'trap']",842166
2013, Symba,06S3fr7xEES7e3QPXhu3ay,0,[],62637
2016,Sam Feldt,20gsENnposVs2I4rQ5kvrf,0,"['dance pop', 'edm', 'electro house', 'pop', 'pop dance', 'pop edm', 'tropical house']",741101
2023, Sebastian Yatra,07YUOmWljBTXwIseAUd9TW,0,"['colombian pop', 'latin pop', 'reggaeton colombiano']",21223985
2030,Steve Aoki,77AiFEVeAVj2ORpC85QVJs,0,"['dance pop', 'edm', 'electro house', 'pop dance', 'pop rap', 'tropical house']",3734938
2032, DVBBS,5X4LWwbUFNzPkEas04uU82,0,"['canadian electronic', 'dance pop', 'edm', 'electro house', 'pop', 'pop dance', 'pop edm', 'progressive electro house', 'slap house', 'tropical house']",1032356
2039, Quintino,1V3VTM7VspiQjcmRhC010n,0,"['dutch edm', 'dutch house', 'edm', 'electro house', 'pop dance', 'progressive electro house', 'progressive house', 'slap house']",621957
2051, Whee In,0BqRGrwqndrtNkojXiqIzL,0,"['k-pop', 'korean ost']",824288
2058, Yella Diamond) (Performed by JooHeon,5KnPgqPc7aCvEfXrCs4QjV,0,[],2
2065, No Identity,2ladxDWywuVgNTdsivk5vI,0,[],50
2072, Viann,7yRs5f61v5AwXwVlUQ7bNE,0,[],1239
2079, Biicla,72heZIc2iMXdpDwsTjTcCQ,0,['vapor twitch'],9252
2086, Will Not Fear,3zQf6Ogadb67LzdBTHaZ0N,0,[],638
2093, Lodge Boy,4QwmzSTkQf1bayzLcPllow,0,[],51
2100, Valentino Khan,0deIjoDjl9g9Zpw0sCIOHh,0,"['bass house', 'brostep', 'edm', 'electro house', 'electronic trap', 'moombahton', 'pop dance']",228425
2107, Hitchhiker,5ePDPFrSdmaieYrKrPDJPx,0,['korean hyperpop'],19127
2114,Ava Max,4npEfmQ6YuiwW1GpUmaq3F,0,"['dance pop', 'pop']",5846113
2115, NCT 127,7f4ignuCJhLXfZ9giKT7rH,1,"['k-pop', 'k-pop boy group']",6437160
2121,Jason Derulo,07YZf4WDAMNwqr4jfgOZ8y,0,"['dance pop', 'edm', 'pop', 'pop rap', 'post-teen pop']",11772339
2122, LAY,4o7tWrzQOqarDtTMWD2HV9,0,"['chinese electropop', 'chinese idol pop', 'k-pop']",1469260
2128,LAY,4o7tWrzQOqarDtTMWD2HV9,0,"['chinese electropop', 'chinese idol pop', 'k-pop']",1469260
2135, YOOARA,5iAn0QrNJEo8uYvHPfdYzi,0,[],23
2142, Yoon Han (Pop Pianist),5bRCVFekTRnptEuJ0ZxTtf,0,[],4
2149,Orange Caramel,2QHTtUsN6Q13w3QHdfRqsK,0,"['k-pop', 'k-pop girl group']",305695
2150, NU'EST,1iQfn1B8V25iQoolQakyAZ,1,"['k-pop', 'k-pop boy group']",998271
2156,HYOJUNG,6seuyGQ3Fq56sS06YVPsOk,0,[],2241
2157, YooA,4ur1jCwyNlhgd0viJkOtcQ,0,['k-pop'],84903
2158, Jiho,5k4usYTOytsTDumir9NDEb,0,[],198
2163, Keanu Silva,1zLMhO4zzzxt5PMV4wMS3y,0,"['covertronica', 'dance pop', 'edm', 'future house', 'pop dance', 'tropical house']",38298
2170,Haha,3lY2yvsj2BSiYSA8PcPGqF,0,[],13640
2172, M.TySON,4t7tfZEW6bMW5LVX06JwMx,0,[],49
2177,SKULL,7qKWQnE3S7v8m3rLwMVdGg,0,[],2634
2178, Tarin,4UEKXXZ65FBcAJPVerQjtO,0,['k-indie'],6886
2184,King Kong,6kDCaFSkqskhFf9agShfSY,0,['old school dancehall'],7004
2185, Nuol,0ZYQRDQ7V5rIbzg565VHAh,0,['k-rap'],3214
2186, Satbyoel,5oKvwuq4kKQZrYgFw2gWFh,0,[],4
2191,Kingston Rudieska,78Je3yBmtLZlk0Uf8R5bWw,0,"['korean indie rock', 'traditional ska']",5969
2192, Yeo-Eun (MelodyDay),2oG0hcbCfRofbtKnuS1fWF,0,[],27
2198, Kim MinSeok,3CHn74oCO6xiThDGQcDMeA,0,['korean pop'],26245
2212, Sai Sai Kham Leng,7yVauL0WNAnLDBz8SF8JXa,0,['burmese pop'],19901
2219, Sandara Park,3LKVw6XQYcot0OZMFmf4IP,0,['k-pop'],29139
2233,Rain,5L4EafeXwZ0stGuPtGr5Tz,0,['classic k-pop'],115651
2234, J.Y. Park,1TTx0YcbKUtJIZY1HEnh9B,1,['classic k-pop'],110089
2241, BIBI,6UbmqUEgjLA6jAcXwbM1Z9,0,"['k-pop', 'korean r&b']",860564
2247, HEIZE,5dCvSnVduaFleCnyy98JMo,0,"['k-pop', 'korean pop', 'korean r&b']",1094254
2254, Lee Jin Ah,4SzO3ea2qcjg1uLyNJAWnM,0,"['k-indie', 'korean r&b', 'korean singer-songwriter']",39215
2261,Kenji Bunch,44DPjVo7zPKN3Ejvx34xhR,0,['american 21st century classical'],682
2263, Ahn Trio,30pbA4VKv3CuflgeJ8Diq0,0,['classical piano trio'],2273
2268,Gbabson,70r4aIjcz5L3w0eVQXuDrY,0,[],61
2269, Dotairs,5G2JpnSKByAUJJltANwwyc,0,[],0
2270, RAINBOW,7xDyxRXgFgOZhdtLtkYR1y,1,"['k-pop', 'k-pop girl group']",23496
2275, aespa,6YVMFz59CuY7ngCxTxjpxE,0,['k-pop girl group'],2930558
2282, PREP,31SBgHxc8eqZUk9MdveH42,0,[],248117
2289, nomad,2xPc9Yvp2U0uUYxZdvFLOz,0,[],16
2296, Slom,0UswO8FFKS2tv6dzyNyJLD,0,"['k-indie', 'k-rap']",19549
2303, Demicat,3Geym1qRlviofLxjf1L0BK,0,['korean electronic'],1048
2310,Ellie Goulding,0X2BH1fck6amBIoJhDVmmJ,0,"['dance pop', 'edm', 'indietronica', 'metropopolis', 'pop', 'uk pop']",11775166
2311, Diplo,5fMUXHkw8R8eOP2RNVYEZX,0,"['edm', 'electro house', 'house', 'moombahton', 'pop', 'pop dance', 'tropical house']",2539181
2312, Red Velvet,1z4g3DjTBBZKhvAroFlhOM,1,"['k-pop', 'k-pop girl group']",8216941
2317,Raina,21dQ70DS91icGLN9J4mH7h,0,[],4264
2318, 리지,45hd8opei1aSAIMNfJccfK,0,[],48
2324, TAEYONG,6SKusTjOAPsTZ6kareKQdm,0,['k-pop'],1031863
2338, 이건,3CeAc3273SCbu4WQHeCorc,0,[],9
2352, lIlBOI,25wMXkplvEHJpJHX8A6Ved,0,['k-rap'],64385
2359, Kanto,1Pr77yszl1ikj6k9sy4Cju,0,['k-rap'],10438
2373, Gaeko,0tkHE1pQ5ZCgQb8WZ0ba79,0,"['k-rap', 'korean r&b']",119861
2380, Remix,3K4oXctZt90sjH2u6zLXYe,0,[],3
2387, Crown J,14D73AR7J5qqIzJwplkcda,0,['koligeet'],39184
2394, Fox Stevenson,2BQWHuvxG4kMYnfghdaCIy,0,"['dancefloor dnb', 'edm', 'electro house']",210018
2401, ESAI,1mv8s2gObjHHdnlSGVW1pE,0,[],756
2408, LUNA,56HZvtrzD82YKMGGJTlIG2,0,[],83598
2415,ONEW,7sZ5ipSoboWdqXkdj6AXHo,0,['k-pop'],413424
2416, Kim Yeon Woo,4vsTrZ8Y7nKqQM0BJQ6Dvd,0,['korean pop'],31811
2422, GIRIBOY,2MtHuR0W2idZdF7x4wddqq,0,"['k-indie', 'k-rap', 'korean r&b']",330499
2443,K.Will,1XNC9ksvgXeD1xRJruSA5t,0,"['k-pop', 'korean pop']",354901
2444, SISTAR,2wTLheTmMcFCA4hdY8hZJP,1,"['k-pop', 'k-pop girl group']",965171
2445, BOYFRIEND,2Pw8E6zZoeuksVWtyZPnzd,0,"['k-pop', 'k-pop boy group']",321872
2457, Brave sound,1uEmHEZ4LdKTArYrXk09bP,0,[],0
2464, B2K,51d3rUlLuMh7EW09aMe7yj,0,"['boy band', 'contemporary r&b', 'dance pop', 'hip hop', 'hip pop', 'pop rap', 'r&b', 'urban contemporary']",759383
2471,Spott,0gQWoLdyMfjBGGITOMhTh8,0,[],366
2472, Spica,5lvNsrcLos9vZpLQCJk4YK,1,['k-pop girl group'],90078
2487, KaiKai Kim,75hyzstWgEHVhzaYda0gou,0,[],0
2513,Alesso,4AVFqumd2ogHFlRbKIjp1t,0,"['dance pop', 'edm', 'electro house', 'pop', 'pop dance', 'progressive electro house', 'tropical house']",3920776
2514, CORSAK,1TcbdifqhtxLz77unBYJ7z,0,['chinese electropop'],37768
2521, Stray Kids,2dIgFjalVxs4ThymZ67YCE,1,"['k-pop', 'k-pop boy group']",10774474
2527, Leslie Grace,6BeO1KuAWBqFriL1mLHtNc,0,"['bachata', 'hollywood', 'show tunes']",1190402
2535, Play-N-Skillz,7MP4jhYmFEgb0AtiOkw55s,0,"['chicano rap', 'pop rap']",23755
2541,TVXQ!,6nVMMEywS5Y4tsHPKx1nIo,0,"['k-pop', 'k-pop boy group']",799120
2542, SUPER JUNIOR,6gzXCdfYfFe5XKhPKkYqxV,1,"['k-pop', 'k-pop boy group']",2349002
2562, TAEYEON,3qNVuliS40BLgXGxhdBdqu,1,"['k-pop', 'pop']",2710203
2569, Minit,6TXbTOTnLFaF1iHywOaV1m,0,[],8893
2576, SUMIN,0K4MGKGmjtdIE0W3GkGmyU,0,"['k-indie', 'korean city pop', 'korean electropop', 'korean r&b']",54828
2583,JONGHYUN,5rGgflnIpRNizTCozbYBuY,0,['k-pop'],793398
2584, TAEMIN,13rF01aOogvnkuQXOlgTW8,1,['k-pop'],2633393
2590, KAI,6iVo62B0bdTknRcrktCmak,0,['k-pop'],945096
2597, ZHU,28j8lBWDdDSHSSt5oPlsX2,0,"['edm', 'electro house']",819698
2604, Moon Kyoo,1AhVoVOXXDOP5pkhUvoSjH,0,[],583
2611, GINJO,75vTLAnhUDaUwzjPCKvaJM,0,[],5644
2618,Lee Seung Chul,5Ecf8RR2UWFAvyeItabffF,0,['korean pop'],61990
2632, MeloMance,6k4r73Wq8nhkCDoUsECL1e,0,"['k-pop', 'korean pop']",222691
2639, LUCAS,6S3tOdgtc5qz16hwmMjEBN,0,[],38529
2653, The One,3eAsBHDYXtCSn67Zynq3Qd,0,['korean pop'],8187
2660, 젓가락형제,0tCF3alKq0KqzEn0iaEqIP,0,[],25
2674, Shannon,3hi7ew4Y6Lr9lWS1E3lDBX,0,['freestyle'],18775
2675, 건지,79xtZ56bsMOQwiTe5Ob1jD,0,[],64
2681,JooHyun Oak,22GsBXoNH88NIr7Rl8k7oz,0,['korean musicals'],300
2682, SG Wannabe,2c3IakpImjWyeXNvyyGsdn,0,"['k-pop', 'korean ost', 'korean pop']",176827
2688, 초신성,0buWcDodnGf3u36oAQPHzW,0,[],154
2702, Maboos,2uch5GhXkpT561NB95OYBL,0,[],147
2709,Raiden,4YXNoMVTHRt01jYaKXTumJ,0,['korean electronic'],66751
2710, THE BOYZ,0CmvFWTX9zmMNCUi6fHtAx,1,"['k-pop', 'k-pop boy group']",2397724
2716, ARMNHMR,0P2bZXPyjHYRW4guHVAFl1,0,"['edm', 'future bass', 'melodic dubstep', 'pop dance', 'pop edm']",94606
2723, LEE HAE SOL,5xZzq9Bk8IociNfF0TfHdf,0,[],59
2730, taalthechoi,0Wz3NC2nQgeV1titlYTj4C,0,[],84
2737, Coi Leray,6AMd49uBDJfhf30Ak2QR5s,0,"['new jersey underground rap', 'rap', 'trap queen']",518013
2744, iann dior,6ASri4ePR7RlsvIQgWPJpS,0,"['melodic rap', 'pop', 'pop rap', 'rap']",1709223
2751,salem ilese,3QJUFtGBGL05vo0kCJZsmT,0,['modern indie pop'],303610
2752, TOMORROW X TOGETHER,0ghlgldX5Dd6720Q3qFyQB,1,"['k-pop', 'k-pop boy group']",7723015
2753, Alan Walker,7vk5e3vY1uw9plTHJAMwjN,0,['electro house'],37381056
2758, Lilas Ikuta,1qM11R4ylJyQiPJ0DffE9z,0,"['j-pop', 'japanese teen pop']",388303
2765, MOD SUN,3u2R8st1bb6zfBqNWceRXG,0,"['minnesota hip hop', 'pop punk', 'pop rap']",272799
2772, Outlaw,3NPCPm4joO9YgPf8jXPSF3,0,[],0
2779, Babylon,3P16F9giedxmc5238b66bo,0,"['j-metal', 'k-rap', 'korean r&b']",31650
2786, Vasco,3z6WtIVxUiLNKDrUchJGrX,0,['danish electropop'],749
2793, Mayson The Soul,6cbHT70yhbyGwTQKJOH2iY,0,[],1109
2807, Do Hee,6amUcIkH1FzHNdazkXPJfu,0,[],1
2814, Andrew Choi,7JBaynR7JFeniONqbnn1U4,0,[],251
2821, Hwayoung,79bfJJgSFky7U35QruEWMV,0,[],8
2828, 이현,5Lz362V3wxefNeMeCFeVMm,0,[],0
2842, NARSHA,1OWVHV30ai3o8cgOTBVd72,0,['k-pop'],13353
2849, HWAYOUNG,4zVPLQ7lxEfEb3YTkymd7L,0,[],1
2856, Hwayoung,11yBes7jdmXosQVHbbR8Py,0,[],0
2863, 김화영,1pEirsoHYEMB0rxhzNkXeU,0,[],0
2870, Jun Hyo Seong,73RRzEpK7IQexOhC0CuTRZ,0,['k-pop'],84557
2871, Han sun hwa,3zfGhm4kLXQ8o4xJewVGO5,0,[],0
2877, Park Hwayobi,5oihNt5Zntgh1XIsDqOGq5,0,"['korean pop', 'korean singer-songwriter']",15628
2891, OKDAL,43qbEc59aqLydrvuWsrNoE,0,['k-indie'],32683
2905, HOONY,3d3m8vJE5Vr38UTAMWs66v,0,[],96
2912, Yoon,2vnR3mxGF1X2Q8D5ichEWP,0,[],696
2919,MINO,3gc3OYh4QZJzbsi2KNyHFK,0,[],5684
2920, TAEHYUN,0ojbIKPNnbwRqKpAJxcIaP,0,[],18354
2926,MINO,3ytV7vc4ZuwGgwaOuWvkk8,0,"['k-pop', 'k-rap']",1066112
2927, Nam Tae Hyun,2LQ4Ay1ClURp2tX1eFJiWh,0,[],2764
2933, Akon,0z4gvV4rjIZ9wHck67ucSV,0,['dance pop'],3666721
2940, School Gyrls,4zfTcqK4VudzZgd0T8g1Fi,0,['post-teen pop'],31087
2947, Dynamicduo,4nvFFLtv7ZqoTr83387uK4,0,"['k-rap', 'korean pop', 'korean r&b']",150577
2948, San E,61MMiylth1injW39oZBuYB,0,"['k-pop', 'k-rap', 'korean pop']",85814
2961, Zior Park,4gkSpcyfxtm5OFoZCYWTeD,0,[],28997
2968, Rain,5L4EafeXwZ0stGuPtGr5Tz,0,['classic k-pop'],115651
2982, WENDY,0FRUZvZNPzM3YJMABJxf2K,0,"['k-pop', 'korean pop']",818507
3003, JeHwi,269A1U75KOCFyPAiXq4sjT,0,[],11264
3010, Jvcki Wai,4bjcB3ZKiHgPzJvY2S2FLN,0,"['k-rap', 'korean r&b']",100455
3031, GSoul,4oEXworvhegyK83rZwVyWL,0,"['chill r&b', 'k-pop', 'korean r&b']",209640
3038, Fanxy Child,1CBjkH9nDLzLdyjXnwsXyv,0,[],4329
3046, DEAN,3eCd0TZrBPm2n9cDG6yWfF,0,"['k-pop', 'korean r&b']",1320877
3059, DJ Wegun,7p552gLGzaDKXB5sETgTEP,0,['k-rap'],13543
3073, SURAN,1mORehSVEd7lcaT2d7Sl2K,0,"['k-pop', 'korean r&b']",1052526
3087, J-Tong,70DqoppP3xK7LgtYiccxfZ,0,[],1107
3109, ZICO,4XpUIb8uuNlIWVKmgKZXC0,1,"['k-pop', 'k-rap', 'korean r&b']",1278300
3115,Basick,7pXKdkQsYFCMG2omRxheJ2,0,['k-rap'],42317
3123, B-Free,5xHC23kCM6goKp7bDDXE3T,0,['k-rap'],22885
3124, Paloalto,2Yv0nlRtzgPl6u0dsS2hFv,0,['k-rap'],44106
3143, Sojin,6oqIg9s1R1rEP5VsSqK0mw,0,[],678
3150, Ja Mezz,1q1Fe4tXiu1Weq4U0uhqPi,0,['k-rap'],25333
